GENE_SYMBOL	COSMIC_GENE_ID	TRANSCRIPT_ACCESSION	COSMIC_SAMPLE_ID	SAMPLE_NAME	COSMIC_PHENOTYPE_ID	GENOMIC_MUTATION_ID	LEGACY_MUTATION_ID	MUTATION_ID	MUTATION_CDS	MUTATION_AA	MUTATION_DESCRIPTION	MUTATION_ZYGOSITY	LOH	CHROMOSOME	GENOME_START	GENOME_STOP	STRAND	PUBMED_PMID	COSMIC_STUDY_ID	HGVSP	HGVSC	HGVSG	GENOMIC_WT_ALLELE	GENOMIC_MUT_ALLELE	MUTATION_SOMATIC_STATUS
PRRX1	COSG107040	ENST00000239461.10	COSS1898113	TCGA-FD-A3B5-01	COSO27964862	COSV53411685	COSM1295465	101361642	c.270G>T	p.K90N	missense_variant			1	170719754	170719754	+		COSU413	ENSP00000239461.6:p.Lys90Asn	ENST00000239461.10:c.270G>T	1:g.170719754G>T	G	T	Confirmed somatic variant
PRRX1	COSG107040	ENST00000239461.10	COSS1898113	TCGA-FD-A3B5-01	COSO27964862	COSV53411702	COSM1295467	101361644	c.340G>A	p.E114K	missense_variant			1	170719824	170719824	+		COSU413	ENSP00000239461.6:p.Glu114Lys	ENST00000239461.10:c.340G>A	1:g.170719824G>A	G	A	Confirmed somatic variant
PRRX1	COSG107040	ENST00000239461.10	COSS1918809	RK012_C01	COSO29824862	COSV53417773	COSN1412817	101361646	c.*759A>G	p.?	3_prime_UTR_variant	het		1	170736945	170736945	+		COSU322		ENST00000239461.10:c.*759A>G	1:g.170736945A>G	A	G	Variant of unknown origin
PRRX1	COSG107040	ENST00000239461.10	COSS2186516	AOCS-034-3-8	COSO30135473	COSV53417822	COSN8649671	101361647	c.242-2122T>A	p.?	intron_variant			1	170717604	170717604	+		COSU585		ENST00000239461.10:c.242-2122T>A	1:g.170717604T>A	T	A	Confirmed somatic variant
PRRX1	COSG107040	ENST00000239461.10	COSS2194755	TCGA-55-8097-01	COSO29914826	COSV99510567	COSM7732103	101361648	c.379C>A	p.L127I	missense_variant			1	170719863	170719863	+		COSU417	ENSP00000239461.6:p.Leu127Ile	ENST00000239461.10:c.379C>A	1:g.170719863C>A	C	A	Confirmed somatic variant
PRRX1	COSG107040	ENST00000239461.10	COSS2263571	TCGA-D3-A8GM-06	COSO32666078	COSV99509441	COSN30490035	101361650	c.*2G>A	p.?	3_prime_UTR_variant			1	170736188	170736188	+		COSU540		ENST00000239461.10:c.*2G>A	1:g.170736188G>A	G	A	Confirmed somatic variant
PRRX1	COSG107040	ENST00000239461.10	COSS2269743	TCGA-3B-A9HQ-01	COSO31375226	COSV99509536	COSN30541461	101361652	c.*85G>T	p.?	3_prime_UTR_variant			1	170736271	170736271	+		COSU635		ENST00000239461.10:c.*85G>T	1:g.170736271G>T	G	T	Confirmed somatic variant
PRRX1	COSG107040	ENST00000239461.10	COSS2340705	ASHPC_0025_Pa_P	COSO29005278	COSV53411633	COSN16004186	101361653	c.417+44C>G	p.?	intron_variant			1	170719945	170719945	+		COSU382		ENST00000239461.10:c.417+44C>G	1:g.170719945C>G	C	G	Confirmed somatic variant
PRRX1	COSG107040	ENST00000239461.10	COSS2549322	DN1401D	COSO283912932	COSV53411641	COSN24098356	101361655	c.241+26599A>G	p.?	intron_variant			1	170691058	170691058	+		COSU668		ENST00000239461.10:c.241+26599A>G	1:g.170691058A>G	A	G	Confirmed somatic variant
PRRX1	COSG107040	ENST00000239461.10	COSS2121007	RK317_C01	COSO29824862	COSV53415887	COSN5357485	101361656	c.242-3250C>A	p.?	intron_variant			1	170716476	170716476	+		COSU322		ENST00000239461.10:c.242-3250C>A	1:g.170716476C>A	C	A	Confirmed somatic variant
PRRX1	COSG107040	ENST00000239461.10	COSS2121466	TCGA-G9-6342-01	COSO32054826	COSV53417805	COSM3671505	101361658	c.593C>A	p.P198Q	missense_variant			1	170726395	170726395	+		COSU435	ENSP00000239461.6:p.Pro198Gln	ENST00000239461.10:c.593C>A	1:g.170726395C>A	C	A	Confirmed somatic variant
PRRX1	COSG107040	ENST00000239461.10	COSS2263451	LP6005334-DNA_G01	COSO31394826	COSV53411736	COSN17590736	101361660	c.242-8325A>G	p.?	intron_variant			1	170711401	170711401	+		COSU535		ENST00000239461.10:c.242-8325A>G	1:g.170711401A>G	A	G	Confirmed somatic variant
PRRX1	COSG107040	ENST00000239461.10	COSS1491612	PD6415a	COSO28395278	COSV53414546	COSN21063240	101361661	c.241+6215T>G	p.?	intron_variant			1	170670674	170670674	+		COSU652		ENST00000239461.10:c.241+6215T>G	1:g.170670674T>G	T	G	Confirmed somatic variant
PRRX1	COSG107040	ENST00000239461.10	COSS2634724	tumor_4184437	COSO27985099	COSV53414488	COSN25606558	101361663	c.241+20301C>A	p.?	intron_variant			1	170684760	170684760	+		COSU440		ENST00000239461.10:c.241+20301C>A	1:g.170684760C>A	C	A	Confirmed somatic variant
PRRX1	COSG107040	ENST00000239461.10	COSS2634815	TNKTL7	COSO27985510	COSV53416672	COSN27663217	101361664	c.599+1343C>A	p.?	intron_variant			1	170727744	170727744	+		COSU673		ENST00000239461.10:c.599+1343C>A	1:g.170727744C>A	C	A	Confirmed somatic variant
PRRX1	COSG107040	ENST00000239461.10	COSS2872790	CRC_46	COSO28864826	COSV53413668	COSN32259010	101361665	c.*1310G>T	p.?	3_prime_UTR_variant			1	170737496	170737496	+	30239619			ENST00000239461.10:c.*1310G>T	1:g.170737496G>T	G	T	Confirmed somatic variant
PRRX1	COSG107040	ENST00000239461.10	COSS2872790	CRC_46	COSO28864826	COSV105869778	COSN32259011	101361667	c.*2976G>T	p.?	3_prime_UTR_variant			1	170739162	170739162	+	30239619			ENST00000239461.10:c.*2976G>T	1:g.170739162G>T	G	T	Confirmed somatic variant
PRRX1	COSG107040	ENST00000239461.10	COSS2634574	tumor_4113140	COSO27985099	COSV53412646	COSN25072113	101361669	c.417+2821T>C	p.?	intron_variant			1	170722722	170722722	+		COSU440		ENST00000239461.10:c.417+2821T>C	1:g.170722722T>C	T	C	Confirmed somatic variant
PRRX1	COSG107040	ENST00000239461.10	COSS2658264	T230737	COSO28864826	COSV53414273	COSM6757115	101361670	c.330G>T	p.E110D	missense_variant			1	170719814	170719814	+	27149842		ENSP00000239461.6:p.Glu110Asp	ENST00000239461.10:c.330G>T	1:g.170719814G>T	G	T	Confirmed somatic variant
PRRX1	COSG107040	ENST00000239461.10	COSS2688091	T_CCA_SG_19	COSO27814862	COSV53411648	COSN27522082	101361259	c.241+21736del	p.?	intron_variant			1	170686195	170686195	+		COSU653		ENST00000239461.10:c.241+21736del	1:g.170686195del	A		Confirmed somatic variant
PRRX1	COSG107040	ENST00000239461.10	COSS2688121	T_CCA_JP_5	COSO27814862	COSV53416379	COSN27336417	101361673	c.242-6638T>C	p.?	intron_variant			1	170713088	170713088	+		COSU653		ENST00000239461.10:c.242-6638T>C	1:g.170713088T>C	T	C	Confirmed somatic variant
PRRX1	COSG107040	ENST00000239461.10	COSS2688650	WD_01	COSO32764830	COSV53414370	COSM6893153	101361676	c.130G>A	p.E44K	missense_variant	het		1	170664348	170664348	+	24662767		ENSP00000239461.6:p.Glu44Lys	ENST00000239461.10:c.130G>A	1:g.170664348G>A	G	A	Confirmed somatic variant
PRRX1	COSG107040	ENST00000239461.10	COSS2789508	LP6008334-DNA_F03	COSO31394826	COSV99509894	COSN30410361	101361678	c.600-1678G>T	p.?	intron_variant			1	170734370	170734370	+		COSU535		ENST00000239461.10:c.600-1678G>T	1:g.170734370G>T	G	T	Confirmed somatic variant
PRRX1	COSG107040	ENST00000239461.10	COSS2816752	CG50	COSO28694826	COSV104382165	COSM9259414	101361680	c.616T>G	p.S206A	missense_variant			1	170736064	170736064	+	29937994		ENSP00000239461.6:p.Ser206Ala	ENST00000239461.10:c.616T>G	1:g.170736064T>G	T	G	Confirmed somatic variant
PRRX1	COSG107040	ENST00000239461.10	COSS1651262	TCGA-D5-6922-01	COSO28694826	COSV99510028	COSM7606354	101361682	c.236A>G	p.Q79R	missense_variant			1	170664454	170664454	+	22810696	COSU376	ENSP00000239461.6:p.Gln79Arg	ENST00000239461.10:c.236A>G	1:g.170664454A>G	A	G	Confirmed somatic variant
PRRX1	COSG107040	ENST00000239461.10	COSS1651262	TCGA-D5-6922-01	COSO28694826	COSV99510028	COSM7606354	101361682	c.236A>G	p.Q79R	missense_variant			1	170664454	170664454	+		COSU376	ENSP00000239461.6:p.Gln79Arg	ENST00000239461.10:c.236A>G	1:g.170664454A>G	A	G	Confirmed somatic variant
PRRX1	COSG107040	ENST00000239461.10	COSS1918814	RK019_C01	COSO29824862	COSV53413481	COSN1412809	101361684	c.242-12729C>A	p.?	intron_variant	het		1	170706997	170706997	+		COSU322		ENST00000239461.10:c.242-12729C>A	1:g.170706997C>A	C	A	Reported in another cancer sample as somatic
PRRX1	COSG107040	ENST00000239461.10	COSS1651322	TCGA-G4-6303-01	COSO28694826	COSV53417234	COSN18425668	101361685	c.241+25678T>C	p.?	intron_variant			1	170690137	170690137	+	22810696	COSU376		ENST00000239461.10:c.241+25678T>C	1:g.170690137T>C	T	C	Confirmed somatic variant
PRRX1	COSG107040	ENST00000239461.10	COSS2186506	AOCS-141-8-0	COSO30135473	COSV53416745	COSN8649658	101361687	c.241+18260T>C	p.?	intron_variant			1	170682719	170682719	+		COSU585		ENST00000239461.10:c.241+18260T>C	1:g.170682719T>C	T	C	Confirmed somatic variant
PRRX1	COSG107040	ENST00000239461.10	COSS2197141	8029781	COSO29005278	COSV53417266	COSN14445671	101361688	c.417+2162G>T	p.?	intron_variant			1	170722063	170722063	+		COSU328		ENST00000239461.10:c.417+2162G>T	1:g.170722063G>T	G	T	Confirmed somatic variant
PRRX1	COSG107040	ENST00000239461.10	COSS1652979	CHC322T	COSO29825606	COSV53419487	COSN6508870	101361690	c.241+3816A>C	p.?	intron_variant			1	170668275	170668275	+		COSU381		ENST00000239461.10:c.241+3816A>C	1:g.170668275A>C	A	C	Confirmed somatic variant
PRRX1	COSG107040	ENST00000239461.10	COSS1653114	8031121	COSO29005278	COSV53415528	COSN7184041	101361692	c.*1151A>T	p.?	3_prime_UTR_variant			1	170737337	170737337	+		COSU328		ENST00000239461.10:c.*1151A>T	1:g.170737337A>T	A	T	Confirmed somatic variant
PRRX1	COSG107040	ENST00000239461.10	COSS2940564	SJHYPER022027	COSO27984920	COSV53410992	COSM899428	101360989	c.484G>A	p.A162T	missense_variant			1	170726286	170726286	+	36050548		ENSP00000239461.6:p.Ala162Thr	ENST00000239461.10:c.484G>A	1:g.170726286G>A	G	A	Confirmed somatic variant
PRRX1	COSG107040	ENST00000239461.10	COSS1901070	LPJ119	COSO27985697	COSV53419835	COSM1316640	101361697	c.710A>C	p.Q237P	missense_variant			1	170736158	170736158	+	23297126		ENSP00000239461.6:p.Gln237Pro	ENST00000239461.10:c.710A>C	1:g.170736158A>C	A	C	Confirmed somatic variant
PRRX1	COSG107040	ENST00000239461.10	COSS1919244	HCC87T	COSO29824862	COSV53412389	COSN5733576	101361698	c.599+3852T>C	p.?	intron_variant			1	170730253	170730253	+		COSU323		ENST00000239461.10:c.599+3852T>C	1:g.170730253T>C	T	C	Confirmed somatic variant
PRRX1	COSG107040	ENST00000239461.10	COSS2945048	2945048	COSO53734818	COSV107266684	COSM10284235	101361700	c.158C>T	p.A53V	missense_variant			1	170664376	170664376	+	36243813		ENSP00000239461.6:p.Ala53Val	ENST00000239461.10:c.158C>T	1:g.170664376C>T	C	T	Confirmed somatic variant
PRRX1	COSG107040	ENST00000239461.10	COSS2945048	2945048	COSO53734818	COSV53420192	COSM1127276	101361701	c.332G>A	p.R111H	missense_variant			1	170719816	170719816	+	36243813		ENSP00000239461.6:p.Arg111His	ENST00000239461.10:c.332G>A	1:g.170719816G>A	G	A	Confirmed somatic variant
PRRX1	COSG107040	ENST00000239461.10	COSS2549182	DN111AA	COSO283912932	COSV53413694	COSN24055089	101361702	c.242-5016C>T	p.?	intron_variant			1	170714710	170714710	+		COSU668		ENST00000239461.10:c.242-5016C>T	1:g.170714710C>T	C	T	Confirmed somatic variant
PRRX1	COSG107040	ENST00000239461.10	COSS2549182	DN111AA	COSO283912932	COSV53413701	COSN24057537	101361703	c.242-352A>T	p.?	intron_variant			1	170719374	170719374	+		COSU668		ENST00000239461.10:c.242-352A>T	1:g.170719374A>T	A	T	Confirmed somatic variant
PRRX1	COSG107040	ENST00000239461.10	COSS2549182	DN111AA	COSO283912932	COSV53413709	COSN24059938	101361707	c.600-3877G>A	p.?	intron_variant			1	170732171	170732171	+		COSU668		ENST00000239461.10:c.600-3877G>A	1:g.170732171G>A	G	A	Confirmed somatic variant
PRRX1	COSG107040	ENST00000239461.10	COSS2634232	LICA-CN-HCC_WGS_025T	COSO29824888	COSV53416265	COSN26660951	101361708	c.241+26575A>T	p.?	intron_variant			1	170691034	170691034	+		COSU660		ENST00000239461.10:c.241+26575A>T	1:g.170691034A>T	A	T	Confirmed somatic variant
PRRX1	COSG107040	ENST00000239461.10	COSS2635126	DA16038	COSO29026529	COSV53410889	COSN26873674	101361710	c.242-20915C>G	p.?	intron_variant			1	170698811	170698811	+		COSU677		ENST00000239461.10:c.242-20915C>G	1:g.170698811C>G	C	G	Confirmed somatic variant
PRRX1	COSG107040	ENST00000239461.10	COSS2688198	2017_AML_06_T	COSO27984905	COSV53416231	COSN23946281	101360972	c.600-878C>T	p.?	intron_variant			1	170735170	170735170	+		COSU544		ENST00000239461.10:c.600-878C>T	1:g.170735170C>T	C	T	Confirmed somatic variant
PRRX1	COSG107040	ENST00000239461.10	COSS2688244	CPCG0092-F1	COSO32054826	COSV53416301	COSN27878098	101361712	c.242-18379C>T	p.?	intron_variant			1	170701347	170701347	+		COSU537		ENST00000239461.10:c.242-18379C>T	1:g.170701347C>T	C	T	Confirmed somatic variant
PRRX1	COSG107040	ENST00000239461.10	COSS1651182	TCGA-CA-5255-01	COSO28544826	COSV53410498	COSN18312077	101361714	c.418-1336T>A	p.?	intron_variant			1	170724884	170724884	+	22810696	COSU376		ENST00000239461.10:c.418-1336T>A	1:g.170724884T>A	T	A	Confirmed somatic variant
PRRX1	COSG107040	ENST00000239461.10	COSS1842506	8031668	COSO29005278	COSV53418191	COSN7184020	101361715	c.242-26948C>T	p.?	intron_variant			1	170692778	170692778	+		COSU328		ENST00000239461.10:c.242-26948C>T	1:g.170692778C>T	C	T	Confirmed somatic variant
PRRX1	COSG107040	ENST00000239461.10	COSS2194708	RK207_C01	COSO29824862	COSV53418076	COSN6008094	101361716	c.242-18883C>T	p.?	intron_variant			1	170700843	170700843	+		COSU322		ENST00000239461.10:c.242-18883C>T	1:g.170700843C>T	C	T	Confirmed somatic variant
PRRX1	COSG107040	ENST00000239461.10	COSS2194725	RK122_C01	COSO29824862	COSV53413631	COSN6008104	101361718	c.418-72A>T	p.?	intron_variant			1	170726148	170726148	+		COSU322		ENST00000239461.10:c.418-72A>T	1:g.170726148A>T	A	T	Confirmed somatic variant
PRRX1	COSG107040	ENST00000239461.10	COSS2263256	SM-4AX85	COSO31394826	COSV53418225	COSN14988842	101361720	c.242-12961C>T	p.?	intron_variant			1	170706765	170706765	+		COSU535		ENST00000239461.10:c.242-12961C>T	1:g.170706765C>T	C	T	Confirmed somatic variant
PRRX1	COSG107040	ENST00000239461.10	COSS1759881	PD11389a	COSO28395278	COSV53413035	COSN20588188	101361721	c.241+16645A>C	p.?	intron_variant			1	170681104	170681104	+		COSU652		ENST00000239461.10:c.241+16645A>C	1:g.170681104A>C	A	C	Confirmed somatic variant
PRRX1	COSG107040	ENST00000239461.10	COSS1783497	TCGA-D1-A15X-01	COSO29025463	COSV53414577	COSM899424	101361723	c.280C>T	p.Q94*	stop_gained	het		1	170719764	170719764	+		COSU419	ENSP00000239461.6:p.Gln94Ter	ENST00000239461.10:c.280C>T	1:g.170719764C>T	C	T	Variant of unknown origin
PRRX1	COSG107040	ENST00000239461.10	COSS1954213	PD14458a	COSO28395278	COSV53416805	COSN21846273	101361725	c.418-141C>T	p.?	intron_variant			1	170726079	170726079	+		COSU652		ENST00000239461.10:c.418-141C>T	1:g.170726079C>T	C	T	Confirmed somatic variant
PRRX1	COSG107040	ENST00000239461.10	COSS2031851	PD18188a	COSO28395278	COSV53415194	COSN24210902	101361520	c.242-20701T>C	p.?	intron_variant			1	170699025	170699025	+		COSU652		ENST00000239461.10:c.242-20701T>C	1:g.170699025T>C	T	C	Confirmed somatic variant
PRRX1	COSG107040	ENST00000239461.10	COSS2196310	AOCS-096-1-7	COSO30135473	COSV53413079	COSN8649662	101361728	c.242-20513A>C	p.?	intron_variant			1	170699213	170699213	+		COSU585		ENST00000239461.10:c.242-20513A>C	1:g.170699213A>C	A	C	Confirmed somatic variant
PRRX1	COSG107040	ENST00000239461.10	COSS2197207	8068548	COSO29005278	COSV53414607	COSN7184031	101361730	c.242-3791C>T	p.?	intron_variant			1	170715935	170715935	+		COSU328		ENST00000239461.10:c.242-3791C>T	1:g.170715935C>T	C	T	Confirmed somatic variant
PRRX1	COSG107040	ENST00000239461.10	COSS1474086	PD5951a	COSO28395278	COSV53411008	COSN22153104	101361734	c.241+10201A>T	p.?	intron_variant			1	170674660	170674660	+		COSU652		ENST00000239461.10:c.241+10201A>T	1:g.170674660A>T	A	T	Confirmed somatic variant
PRRX1	COSG107040	ENST00000239461.10	COSS1502990	PD6722a	COSO28395278	COSV53411015	COSN22578421	101361736	c.242-24073C>G	p.?	intron_variant			1	170695653	170695653	+		COSU652		ENST00000239461.10:c.242-24073C>G	1:g.170695653C>G	C	G	Confirmed somatic variant
PRRX1	COSG107040	ENST00000239461.10	COSS1645825	H_KA-426980-S.15631	COSO27984905	COSV53411022	COSN186329	101360964	c.599+1181G>A	p.?	intron_variant			1	170727582	170727582	+	22237025			ENST00000239461.10:c.599+1181G>A	1:g.170727582G>A	G	A	Confirmed somatic variant
PRRX1	COSG107040	ENST00000239461.10	COSS1842414	8016470	COSO29005278	COSV53416694	COSN7184004	101361741	c.241+4394G>T	p.?	intron_variant			1	170668853	170668853	+		COSU328		ENST00000239461.10:c.241+4394G>T	1:g.170668853G>T	G	T	Confirmed somatic variant
PRRX1	COSG107040	ENST00000239461.10	COSS1842414	8016470	COSO29005278	COSV53416710	COSN7184010	101361743	c.241+15141C>T	p.?	intron_variant			1	170679600	170679600	+		COSU328		ENST00000239461.10:c.241+15141C>T	1:g.170679600C>T	C	T	Confirmed somatic variant
PRRX1	COSG107040	ENST00000239461.10	COSS1842414	8016470	COSO29005278	COSV53416724	COSN7184012	101361744	c.241+18752G>T	p.?	intron_variant			1	170683211	170683211	+		COSU328		ENST00000239461.10:c.241+18752G>T	1:g.170683211G>T	G	T	Confirmed somatic variant
PRRX1	COSG107040	ENST00000239461.10	COSS1900208	TCGA-E9-A1RE-01	COSO28394862	COSV53413589	COSM424560	101361732	c.587C>T	p.A196V	missense_variant			1	170726389	170726389	+		COSU414	ENSP00000239461.6:p.Ala196Val	ENST00000239461.10:c.587C>T	1:g.170726389C>T	C	T	Confirmed somatic variant
PRRX1	COSG107040	ENST00000239461.10	COSS2108003	TCGA-06-2562	COSO28245232	COSV53411234	COSM2152812	101361747	c.599+3872A>T	p.?	intron_variant			1	170730273	170730273	+	23917401			ENST00000239461.10:c.599+3872A>T	1:g.170730273A>T	A	T	Confirmed somatic variant
PRRX1	COSG107040	ENST00000239461.10	COSS2385405	tumor_4159421	COSO27985099	COSV53412742	COSN23074221	101361749	c.599+3495C>G	p.?	intron_variant			1	170729896	170729896	+		COSU440		ENST00000239461.10:c.599+3495C>G	1:g.170729896C>G	C	G	Confirmed somatic variant
PRRX1	COSG107040	ENST00000239461.10	COSS2480886	S02277_1	COSO29915333	COSV53415639	COSM5682950	101361751	c.175G>T	p.E59*	stop_gained			1	170664393	170664393	+	26168399		ENSP00000239461.6:p.Glu59Ter	ENST00000239461.10:c.175G>T	1:g.170664393G>T	G	T	Confirmed somatic variant
PRRX1	COSG107040	ENST00000239461.10	COSS2193467	SS6003149	COSO31394826	COSV53415896	COSN8965952	101361753	c.241+8340T>G	p.?	intron_variant			1	170672799	170672799	+		COSU535		ENST00000239461.10:c.241+8340T>G	1:g.170672799T>G	T	G	Confirmed somatic variant
PRRX1	COSG107040	ENST00000239461.10	COSS2193467	SS6003149	COSO31394826	COSV53415903	COSN8965955	101361754	c.242-18239T>C	p.?	intron_variant			1	170701487	170701487	+		COSU535		ENST00000239461.10:c.242-18239T>C	1:g.170701487T>C	T	C	Confirmed somatic variant
PRRX1	COSG107040	ENST00000239461.10	COSS2193467	SS6003149	COSO31394826	COSV53415912	COSN8965956	101361756	c.242-9550T>G	p.?	intron_variant			1	170710176	170710176	+		COSU535		ENST00000239461.10:c.242-9550T>G	1:g.170710176T>G	T	G	Confirmed somatic variant
PRRX1	COSG107040	ENST00000239461.10	COSS2121713	TCGA-ER-A19B-06	COSO32666078	COSV99509881	COSM8069742	101360827	c.105C>A	p.S35=	synonymous_variant			1	170664323	170664323	+		COSU540	ENSP00000239461.6:p.Ser35=	ENST00000239461.10:c.105C>A	1:g.170664323C>A	C	A	Confirmed somatic variant
PRRX1	COSG107040	ENST00000239461.10	COSS2339324	TCGA-UB-A7MC-01	COSO29825606	COSV99509345	COSM8395943	101360829	c.242-3C>A	p.?	intron_variant,splice_region_variant			1	170719723	170719723	+		COSU628		ENST00000239461.10:c.242-3C>A	1:g.170719723C>A	C	A	Confirmed somatic variant
PRRX1	COSG107040	ENST00000239461.10	COSS2340268	TCGA-Q1-A73O-01	COSO28514830	COSV53412608	COSM4835040	101360831	c.427C>T	p.Q143*	stop_gained			1	170726229	170726229	+		COSU415	ENSP00000239461.6:p.Gln143Ter	ENST00000239461.10:c.427C>T	1:g.170726229C>T	C	T	Confirmed somatic variant
PRRX1	COSG107040	ENST00000239461.10	COSS2340482	PCSI_0329_Pa_P_526	COSO29005278	COSV53415748	COSN16614219	101360833	c.241+21654C>T	p.?	intron_variant			1	170686113	170686113	+		COSU382		ENST00000239461.10:c.241+21654C>T	1:g.170686113C>T	C	T	Confirmed somatic variant
PRRX1	COSG107040	ENST00000239461.10	COSS2634980	0177_CRUK_PC_0177_T1_DNA	COSO32054826	COSV53415835	COSN26108823	101360835	c.242-7436G>T	p.?	intron_variant			1	170712290	170712290	+		COSU538		ENST00000239461.10:c.242-7436G>T	1:g.170712290G>T	G	T	Confirmed somatic variant
PRRX1	COSG107040	ENST00000239461.10	COSS2688398	DA14048	COSO29026529	COSV53414780	COSN27854731	101360836	c.241+22574C>T	p.?	intron_variant			1	170687033	170687033	+		COSU677		ENST00000239461.10:c.241+22574C>T	1:g.170687033C>T	C	T	Confirmed somatic variant
PRRX1	COSG107040	ENST00000239461.10	COSS2935769	PD26920a	COSO345221947	COSV106369100	COSN32551043	101360838	c.242-10313G>T	p.?	intron_variant			1	170709413	170709413	+	30889380			ENST00000239461.10:c.242-10313G>T	1:g.170709413G>T	G	T	Confirmed somatic variant
PRRX1	COSG107040	ENST00000239461.10	COSS1649375	PD9584a	COSO28395278	COSV53418784	COSN22680512	101360840	c.241+13334A>T	p.?	intron_variant			1	170677793	170677793	+		COSU652		ENST00000239461.10:c.241+13334A>T	1:g.170677793A>T	A	T	Confirmed somatic variant
PRRX1	COSG107040	ENST00000239461.10	COSS2196236	AOCS-146-1-9	COSO30135473	COSV53411998	COSN8649648	101360842	c.241+560G>A	p.?	intron_variant			1	170665019	170665019	+		COSU585		ENST00000239461.10:c.241+560G>A	1:g.170665019G>A	G	A	Confirmed somatic variant
PRRX1	COSG107040	ENST00000239461.10	COSS2197226	PCSI_0083_Pa_P_526	COSO29005278	COSV53418531	COSN8322159	101360843	c.241+12835C>T	p.?	intron_variant			1	170677294	170677294	+		COSU382		ENST00000239461.10:c.241+12835C>T	1:g.170677294C>T	C	T	Confirmed somatic variant
PRRX1	COSG107040	ENST00000239461.10	COSS2197226	PCSI_0083_Pa_P_526	COSO29005278	COSV53418537	COSN8322161	101360845	c.241+14453C>A	p.?	intron_variant			1	170678912	170678912	+		COSU382		ENST00000239461.10:c.241+14453C>A	1:g.170678912C>A	C	A	Confirmed somatic variant
PRRX1	COSG107040	ENST00000239461.10	COSS2197226	PCSI_0083_Pa_P_526	COSO29005278	COSV53418546	COSN8322162	101360847	c.242-26830T>A	p.?	intron_variant			1	170692896	170692896	+		COSU382		ENST00000239461.10:c.242-26830T>A	1:g.170692896T>A	T	A	Confirmed somatic variant
PRRX1	COSG107040	ENST00000239461.10	COSS2197226	PCSI_0083_Pa_P_526	COSO29005278	COSV53418557	COSN8322163	101360849	c.242-23707T>C	p.?	intron_variant			1	170696019	170696019	+		COSU382		ENST00000239461.10:c.242-23707T>C	1:g.170696019T>C	T	C	Confirmed somatic variant
PRRX1	COSG107040	ENST00000239461.10	COSS2197226	PCSI_0083_Pa_P_526	COSO29005278	COSV53418564	COSN8322169	101360851	c.418-554C>T	p.?	intron_variant			1	170725666	170725666	+		COSU382		ENST00000239461.10:c.418-554C>T	1:g.170725666C>T	C	T	Confirmed somatic variant
PRRX1	COSG107040	ENST00000239461.10	COSS2234082	PD24194a	COSO28395278	COSV53418840	COSN21686514	101360853	c.241+20924G>A	p.?	intron_variant			1	170685383	170685383	+		COSU652		ENST00000239461.10:c.241+20924G>A	1:g.170685383G>A	G	A	Confirmed somatic variant
PRRX1	COSG107040	ENST00000239461.10	COSS2234082	PD24194a	COSO28395278	COSV53418847	COSN22441852	101360855	c.417+2672G>T	p.?	intron_variant			1	170722573	170722573	+		COSU652		ENST00000239461.10:c.417+2672G>T	1:g.170722573G>T	G	T	Confirmed somatic variant
PRRX1	COSG107040	ENST00000239461.10	COSS2262889	TCGA-RD-A7C1-01	COSO36004826	COSV99510347	COSM8184316	101360856	c.283C>T	p.R95*	stop_gained			1	170719767	170719767	+		COSU541	ENSP00000239461.6:p.Arg95Ter	ENST00000239461.10:c.283C>T	1:g.170719767C>T	C	T	Confirmed somatic variant
PRRX1	COSG107040	ENST00000239461.10	COSS1892107	PD13625a	COSO28395278	COSV53411483	COSN21421303	101360858	c.241+4365A>G	p.?	intron_variant			1	170668824	170668824	+		COSU652		ENST00000239461.10:c.241+4365A>G	1:g.170668824A>G	A	G	Confirmed somatic variant
PRRX1	COSG107040	ENST00000239461.10	COSS2197371	8069314	COSO29004841	COSV53414769	COSN9023977	101360860	c.241+18729C>A	p.?	intron_variant			1	170683188	170683188	+		COSU586		ENST00000239461.10:c.241+18729C>A	1:g.170683188C>A	C	A	Confirmed somatic variant
PRRX1	COSG107040	ENST00000239461.10	COSS1780217	TCGA-73-4670-01	COSO29914826	COSV99509435	COSM7783652	101360861	c.599+3881C>A	p.?	intron_variant			1	170730282	170730282	+		COSU417		ENST00000239461.10:c.599+3881C>A	1:g.170730282C>A	C	A	Confirmed somatic variant
PRRX1	COSG107040	ENST00000239461.10	COSS2120954	RK057_C01	COSO29824862	COSV53412812	COSN5357486	101360863	c.417+1959C>T	p.?	intron_variant			1	170721860	170721860	+		COSU322		ENST00000239461.10:c.417+1959C>T	1:g.170721860C>T	C	T	Confirmed somatic variant
PRRX1	COSG107040	ENST00000239461.10	COSS2457566	0005_CRUK_PC_0005_T1_DNA	COSO32054826	COSV53413395	COSN19582109	101360865	c.417+172G>A	p.?	intron_variant			1	170720073	170720073	+		COSU538		ENST00000239461.10:c.417+172G>A	1:g.170720073G>A	G	A	Confirmed somatic variant
PRRX1	COSG107040	ENST00000239461.10	COSS2633581	DN1502E	COSO283912932	COSV53413424	COSN26685769	101360867	c.242-13296T>C	p.?	intron_variant			1	170706430	170706430	+		COSU668		ENST00000239461.10:c.242-13296T>C	1:g.170706430T>C	T	C	Confirmed somatic variant
PRRX1	COSG107040	ENST00000239461.10	COSS2635061	0237_CRUK_PC_0237_T1_DNA	COSO32054826	COSV53413554	COSN26260577	101360869	c.242-18085T>A	p.?	intron_variant			1	170701641	170701641	+		COSU538		ENST00000239461.10:c.242-18085T>A	1:g.170701641T>A	T	A	Confirmed somatic variant
PRRX1	COSG107040	ENST00000239461.10	COSS2491104	U343	COSO28245232	COSV53410566	COSN20095575	101360872	c.*380_*385del	p.?	3_prime_UTR_variant			1	170736566	170736571	+	26496030			ENST00000239461.10:c.*380_*385del	1:g.170736566_170736571del	ATATAT		Variant of unknown origin
PRRX1	COSG107040	ENST00000239461.10	COSS2688257	CPCG9001-P2	COSO32054826	COSV53411441	COSN27189089	101360874	c.241+22186C>T	p.?	intron_variant			1	170686645	170686645	+		COSU537		ENST00000239461.10:c.241+22186C>T	1:g.170686645C>T	C	T	Confirmed somatic variant
PRRX1	COSG107040	ENST00000239461.10	COSS2747529	GCTK_19231_T	COSO36004862	COSV99510625	COSM8571863	101360876	c.140A>T	p.D47V	missense_variant			1	170664358	170664358	+		COSU683	ENSP00000239461.6:p.Asp47Val	ENST00000239461.10:c.140A>T	1:g.170664358A>T	A	T	Confirmed somatic variant
PRRX1	COSG107040	ENST00000239461.10	COSS2807594	98216	COSO36004826	COSV99510629	COSM9135210	101360879	c.298A>G	p.T100A	missense_variant			1	170719782	170719782	+	24807215		ENSP00000239461.6:p.Thr100Ala	ENST00000239461.10:c.298A>G	1:g.170719782A>G	A	G	Confirmed somatic variant
PRRX1	COSG107040	ENST00000239461.10	COSS1842572	8031544	COSO29005278	COSV53412801	COSN7184037	101360882	c.418-1581G>C	p.?	intron_variant			1	170724639	170724639	+		COSU328		ENST00000239461.10:c.418-1581G>C	1:g.170724639G>C	G	C	Confirmed somatic variant
PRRX1	COSG107040	ENST00000239461.10	COSS1919259	HX14T	COSO29824862	COSV53412300	COSN1092348	101360883	c.242-17569C>T	p.?	intron_variant	het		1	170702157	170702157	+		COSU323		ENST00000239461.10:c.242-17569C>T	1:g.170702157C>T	C	T	Variant of unknown origin
PRRX1	COSG107040	ENST00000239461.10	COSS1919259	HX14T	COSO29824862	COSV53412309	COSN1092349	101360885	c.242-17438C>A	p.?	intron_variant	het		1	170702288	170702288	+		COSU323		ENST00000239461.10:c.242-17438C>A	1:g.170702288C>A	C	A	Variant of unknown origin
