MUTATION_NC_ID	SAMPLE_NAME	COSMIC_SAMPLE_ID	COSMIC_PHENOTYPE_ID	GENOMIC_MUTATION_ID	LEGACY_MUTATION_ID	ZYGOSITY	CHROMOSOME	GENOME_START	GENOME_STOP	GENOMIC_WT_ALLELE	GENOMIC_MUT_ALLELE	COSMIC_STUDY_ID	PUBMED_PMID	HGVSG	MUTATION_SOMATIC_STATUS
88047436	YYY-701T	COSS2633915	COSO36004862	COSV69764862	COSN24810114	Unknown	1	221453712	221453712	G	C	COSU371		1:g.221453712G>C	Confirmed somatic variant
88094087	RK172_C01	COSS2120993	COSO29824862	COSV51113579	COSN5311836	Unknown	11	91049863	91049863	T	A	COSU322		11:g.91049863T>A	Confirmed somatic variant
88139705	CPCG0048-F1	COSS2340855	COSO32054826	COSV68855264	COSN16299560	Unknown	19	24345100	24345100	C	G	COSU537		19:g.24345100C>G	Confirmed somatic variant
88143524	OSCC-GB_01380111	COSS2549739	COSO30454862	COSV69761884	COSN23712995	Unknown	6	102591121	102591121	C	T	COSU539		6:g.102591121C>T	Confirmed somatic variant
88162843	C0057T	COSS2197671	COSO29644954	COSV70224168	COSN15604288	Unknown	1	2849114	2849114	G	A	COSU588		1:g.2849114G>A	Confirmed somatic variant
88158604	AOCS-107-1-4	COSS2196220	COSO30135473	COSV70467645	COSN8446195	Unknown	11	42602169	42602169	C	T	COSU585		11:g.42602169C>T	Confirmed somatic variant
88196327	CHC433T	COSS1652981	COSO29825606	COSV69448838	COSN14961675	Unknown	9	12869442	12869442	G	A	COSU381		9:g.12869442G>A	Confirmed somatic variant
88296245	PCSI_0329_Pa_P_526	COSS2340482	COSO29005278	COSV70958773	COSN16613617	Unknown	1	211607486	211607486	A	G	COSU382		1:g.211607486A>G	Confirmed somatic variant
88320416	AOCS-125-1-2	COSS2196256	COSO30135473	COSV70477532	COSN9584734	Unknown	4	111323852	111323852	T	A	COSU585		4:g.111323852T>A	Confirmed somatic variant
88376786	CPCG0203-F1	COSS2339414	COSO32054826	COSV50456394	COSN16213093	Unknown	1	223172371	223172371	C	T	COSU537		1:g.223172371C>T	Confirmed somatic variant
88400321	SS6003119	COSS2120219	COSO31394826	COSV63751380	COSN5241710	Unknown	9	117433050	117433050	G	A	COSU535		9:g.117433050G>A	Confirmed somatic variant
88384368	RK267_C01	COSS2340384	COSO29824862	COSV68563231	COSN16500025	Unknown	6	168281088	168281088	C	A	COSU322		6:g.168281088C>A	Confirmed somatic variant
88451520	PD22036a	COSS2162796	COSO28395278	COSV59360911	COSN21005256	Unknown	1	248792077	248792077	C	G	COSU652		1:g.248792077C>G	Confirmed somatic variant
88497448	8031157	COSS2197367	COSO29004841	COSV70034261	COSN9008012	Unknown	4	28917871	28917871	C	T	COSU586		4:g.28917871C>T	Confirmed somatic variant
88536622	186T	COSS2745853	COSO29824888	COSV62547994	COSN29308821	Unknown	9	118010695	118010695	G	T	COSU660		9:g.118010695G>T	Confirmed somatic variant
88516409	sysucc-1408T	COSS2506608	COSO28864826	COSV67256444	COSN20527253	Unknown	7	62524946	62524946	G	A	COSU646		7:g.62524946G>A	Confirmed somatic variant
88593742	RK061_C01	COSS1918847	COSO29824862	COSV59294785	COSN1766373	Heterozygous	19	32249980	32249980	C	A	COSU322		19:g.32249980C>A	Variant of unknown origin
88606914	CPCG0571-F1	COSS2746229	COSO32054826	COSV65921836	COSN29700085	Unknown	6	48876335	48876335	C	T	COSU537		6:g.48876335C>T	Confirmed somatic variant
88521519	ASHPC_0028_Pa_P	COSS2340767	COSO29005278	COSV69741135	COSN15977848	Unknown	11	97717319	97717319	G	A	COSU382		11:g.97717319G>A	Confirmed somatic variant
88608946	PCSI_0521_Pa_P_526	COSS2507077	COSO29004862	COSV71217688	COSN20238844	Unknown	4	187706697	187706697	A	G	COSU382		4:g.187706697A>G	Confirmed somatic variant
88607334	EOPC-115_tumor_01	COSS2633709	COSO32054862	COSV51230681	COSN25698418	Unknown	1	214584113	214584113	G	A	COSU534		1:g.214584113G>A	Confirmed somatic variant
88634841	8057490	COSS2196701	COSO29005278	COSV70306621	COSN14471875	Unknown	14	52092805	52092805	A	G	COSU328		14:g.52092805A>G	Confirmed somatic variant
88787103	ICGC_MB126	COSS2197433	COSO28245255	COSV69175988	COSN6542090	Unknown	14	43079776	43079776	T	C	COSU379		14:g.43079776T>C	Confirmed somatic variant
88703832	LP6008031-DNA_B03	COSS2789512	COSO31394826	COSV101219418	COSN30278359	Unknown	6	104234590	104234590	G	A	COSU535		6:g.104234590G>A	Confirmed somatic variant
88699385	CHC205T	COSS1652971	COSO29825606	COSV60335736	COSN14770521	Unknown	9	16914718	16914718	G	A	COSU381		9:g.16914718G>A	Confirmed somatic variant
88860184	RK070_C01	COSS2194732	COSO29824862	COSV52130963	COSN5919616	Unknown	11	79546620	79546620	T	C	COSU322		11:g.79546620T>C	Confirmed somatic variant
88885642	PCSI_0357_Pa_P_526	COSS2340907	COSO29005278	COSV59801333	COSN16801928	Unknown	2	16685964	16685964	C	G	COSU382		2:g.16685964C>G	Confirmed somatic variant
88897576	PD4976a	COSS1463685	COSO28395278	COSV62909510	COSN21055715	Unknown	11	57278941	57278941	G	A	COSU652		11:g.57278941G>A	Confirmed somatic variant
88914663	RK043_C01	COSS2120950	COSO29824862	COSV69865485	COSN5297144	Unknown	11	114971478	114971478	T	C	COSU322		11:g.114971478T>C	Confirmed somatic variant
88967583	PD23570a	COSS2213158	COSO28395278	COSV60851062	COSN20636858	Unknown	14	26338725	26338725	C	T	COSU652		14:g.26338725C>T	Confirmed somatic variant
88999965	CHC205T	COSS1652971	COSO29825606	COSV59949130	COSN6463814	Unknown	1	63742294	63742294	T	A	COSU381		1:g.63742294T>A	Confirmed somatic variant
89217221	CPCG0324-F1	COSS2340642	COSO32054826	COSV60848213	COSN29677934	Unknown	2	77974196	77974197		A	COSU537		2:g.77974196dup	Confirmed somatic variant
89236727	PD4115a	COSS1317065	COSO28395278	COSV56372424	COSN21039878	Unknown	6	164449349	164449349	A	T	COSU652		6:g.164449349A>T	Confirmed somatic variant
89236727	PD4115a	COSS1317065	COSO28395278	COSV56372424	COSN21039878	Unknown	6	164449349	164449349	A	T	COSU385		6:g.164449349A>T	Confirmed somatic variant
89103787	CHC205T	COSS1652971	COSO29825606	COSV60036217	COSN6446090	Unknown	1	228000403	228000403	C	T	COSU381		1:g.228000403C>T	Confirmed somatic variant
89059264	23T	COSS2745865	COSO29824888	COSV59884759	COSN29143762	Unknown	9	12315714	12315714	T	A	COSU660		9:g.12315714T>A	Confirmed somatic variant
89039295	tumor_4193278	COSS2121040	COSO27985099	COSV50078753	COSN4764838	Unknown	16	24365339	24365339	T	C	COSU440		16:g.24365339T>C	Confirmed somatic variant
89139213	LP6007442-DNA_A01	COSS2263457	COSO31394826	COSV63133625	COSN25966668	Unknown	20	60913837	60913837	A	C	COSU535		20:g.60913837A>C	Confirmed somatic variant
89104959	tumor_4124542	COSS2385491	COSO27985099	COSV66836463	COSN23121919	Unknown	4	133717054	133717054	A	G	COSU440		4:g.133717054A>G	Confirmed somatic variant
89221173	8066440	COSS2197011	COSO29005278	COSV63846349	COSN7087735	Unknown	20	24178946	24178946	C	T	COSU328		20:g.24178946C>T	Confirmed somatic variant
89217221	CPCG0219-F1	COSS2746202	COSO32054826	COSV60848213	COSN29677934	Unknown	2	77974196	77974197		A	COSU537		2:g.77974196dup	Confirmed somatic variant
89490871	8036161	COSS2121124	COSO29005278	COSV52083609	COSN7566708	Unknown	9	32275079	32275079	G	C	COSU328		9:g.32275079G>C	Confirmed somatic variant
89346928	PD26874a	COSS2935740	COSO372521945	COSV106166214	COSN32434014	Unknown	9	84014666	84014666	G	T		30889380	9:g.84014666G>T	Confirmed somatic variant
89378010	8016470	COSS1842414	COSO29005278	COSV64406662	COSN7090966	Unknown	20	39078317	39078317	G	A	COSU328		20:g.39078317G>A	Confirmed somatic variant
89347472	2017_AML_06_T	COSS2688198	COSO27984905	COSV62885897	COSN28519441	Unknown	11	48925585	48925585	T	C	COSU544		11:g.48925585T>C	Confirmed somatic variant
89400418	PCSI_0072_Pa_P	COSS1653157	COSO29005278	COSV50455940	COSN8265088	Unknown	2	11413986	11413986	G	A	COSU382		2:g.11413986G>A	Confirmed somatic variant
89433992	PCSI_0297_Pa_P_526	COSS2339689	COSO29005278	COSV56792444	COSN15908120	Unknown	9	64802768	64802768	C	A	COSU382		9:g.64802768C>A	Confirmed somatic variant
89432299	PD23562a	COSS2213142	COSO28395278	COSV65257228	COSN21008973	Unknown	9	10843783	10843783	G	A	COSU652		9:g.10843783G>A	Confirmed somatic variant
89436685	PD9193a	COSS1625298	COSO28395278	COSV54259542	COSN22218620	Unknown	6	135761698	135761698	T	C	COSU652		6:g.135761698T>C	Confirmed somatic variant
89447034	PD7219a	COSS1527365	COSO28395278	COSV51778297	COSN22565018	Unknown	7	49056865	49056865	G	C	COSU652		7:g.49056865G>C	Confirmed somatic variant
89441759	RK043_C01	COSS2120950	COSO29824862	COSV69871445	COSN5638253	Unknown	6	82041989	82041989	C	T	COSU322		6:g.82041989C>T	Confirmed somatic variant
89660558	0180_CRUK_PC_0180_T1_DNA	COSS2634983	COSO32054826	COSV71119933	COSN26402429	Unknown	9	79839196	79839196	A	T	COSU538		9:g.79839196A>T	Confirmed somatic variant
89509418	LP6005690-DNA_B02	COSS2263607	COSO31394826	COSV52758904	COSN26044428	Unknown	14	57333766	57333766	G	A	COSU535		14:g.57333766G>A	Confirmed somatic variant
89522560	8032817	COSS1842443	COSO29005278	COSV50060918	COSN7569605	Unknown	9	63684353	63684353	G	A	COSU328		9:g.63684353G>A	Confirmed somatic variant
89632017	RK105_C01	COSS2120969	COSO29824862	COSV51331585	COSN5504211	Unknown	2	42855513	42855513	G	T	COSU322		2:g.42855513G>T	Confirmed somatic variant
89606043	LP6005935-DNA_H01	COSS2340367	COSO31394826	COSV61070365	COSN17797521	Unknown	2	209342419	209342419	G	A	COSU535		2:g.209342419G>A	Confirmed somatic variant
89217221	CPCG0379-F1	COSS2340408	COSO32054826	COSV60848213	COSN29677934	Unknown	2	77974196	77974197		A	COSU537		2:g.77974196dup	Confirmed somatic variant
89217221	CPCG0599-F1	COSS2746213	COSO32054826	COSV60848213	COSN29677934	Unknown	2	77974196	77974197		A	COSU537		2:g.77974196dup	Confirmed somatic variant
89732054	SS6003320	COSS2193473	COSO31394826	COSV50968709	COSN8903505	Unknown	21	30686935	30686935	C	A	COSU535		21:g.30686935C>A	Confirmed somatic variant
89540302	LP6008336-DNA_B03	COSS2789424	COSO31394826	COSV68995625	COSN30302548	Unknown	7	40939173	40939173	G	A	COSU535		7:g.40939173G>A	Confirmed somatic variant
89634583	PD31196a	COSS2935757	COSO1118121945	COSV106202412	COSN32582263	Unknown	11	134055361	134055361	T	C		30889380	11:g.134055361T>C	Confirmed somatic variant
89607863	1425-01-01TD	COSS2456569	COSO27985045	COSV52420645	COSN19234410	Unknown	4	132326112	132326112	A	C	COSU340	21642962	4:g.132326112A>C	Confirmed somatic variant
89611762	DA16015	COSS2635122	COSO29026529	COSV71823892	COSN26903518	Unknown	6	100960390	100960390	G	A	COSU677		6:g.100960390G>A	Confirmed somatic variant
89849415	ML_65_T_01	COSS2583920	COSO32664862	COSV52870033	COSN24326400	Unknown	9	93981186	93981187		CA	COSU656		9:g.93981186_93981187insCA	Confirmed somatic variant
89844323	LP6007531-DNA_A01	COSS2262937	COSO31394826	COSV51158146	COSN25959505	Unknown	9	11738087	11738087	T	A	COSU535		9:g.11738087T>A	Confirmed somatic variant
89765110	LP6008336-DNA_C02	COSS2789415	COSO31394826	COSV99159789	COSN30282047	Unknown	7	153232283	153232283	A	G	COSU535		7:g.153232283A>G	Confirmed somatic variant
89763908	ML_04_T_01	COSS2385636	COSO32664862	COSV50499192	COSN17964474	Unknown	6	65737533	65737533	C	T	COSU656		6:g.65737533C>T	Confirmed somatic variant
89832551	PD11327a	COSS1744637	COSO28395278	COSV67586676	COSN21798615	Unknown	14	68771645	68771645	T	C	COSU652		14:g.68771645T>C	Confirmed somatic variant
89808357	LP6005690-DNA_D02	COSS2263578	COSO31394826	COSV59085930	COSN17771837	Unknown	2	163511724	163511724	G	C	COSU535		2:g.163511724G>C	Confirmed somatic variant
89874026	T_CCA_RO_1	COSS2745917	COSO27814862	COSV63437284	COSN28931561	Unknown	2	99532786	99532787		AAT	COSU653		2:g.99532784_99532786dup	Confirmed somatic variant
89943810	tumor_4133263	COSS2385431	COSO27985099	COSV52300300	COSN23144735	Unknown	21	17317214	17317214	G	A	COSU440		21:g.17317214G>A	Confirmed somatic variant
89886645	2955944	COSS2955944	COSO367621948	COSV107199305	COSN32995439	Unknown	4	33667985	33667985	T	C		36788076	4:g.33667985T>C	Confirmed somatic variant
90042620	PD26874a	COSS2935740	COSO372521945	COSV106169694	COSN32430197	Unknown	1	89957173	89957173	G	T		30889380	1:g.89957173G>T	Confirmed somatic variant
90034326	YYY-680T	COSS2633918	COSO36004862	COSV50739336	COSN24609584	Unknown	9	38748623	38748623	A	T	COSU371		9:g.38748623A>T	Confirmed somatic variant
90200350	RK261_C01	COSS2340200	COSO29824862	COSV56837042	COSN15672031	Unknown	4	178967879	178967879	T	C	COSU322		4:g.178967879T>C	Confirmed somatic variant
90140202	SS6003311	COSS2120234	COSO31394826	COSV69697334	COSN5241493	Unknown	9	114759925	114759925	A	G	COSU535		9:g.114759925A>G	Confirmed somatic variant
90242187	tumor_4147968	COSS2385479	COSO27985099	COSV70096852	COSN23086813	Unknown	9	118060940	118060940	C	A	COSU440		9:g.118060940C>A	Confirmed somatic variant
88885642	ASHPC_0019_Pa_P	COSS2387717	COSO29005278	COSV59801333	COSN16801928	Unknown	2	16685964	16685964	C	G	COSU382		2:g.16685964C>G	Confirmed somatic variant
90435951	PD11748a	COSS1768194	COSO283919712	COSV54476794	COSN20589413	Unknown	7	53994699	53994699	G	A	COSU652		7:g.53994699G>A	Confirmed somatic variant
90358447	AML_14y_07_DX	COSS2549540	COSO27984905	COSV62145867	COSN23934240	Unknown	2	203645068	203645068	G	A	COSU544		2:g.203645068G>A	Confirmed somatic variant
90465494	8033414	COSS1842448	COSO29005278	COSV50056623	COSN7501293	Unknown	4	64809091	64809091	T	A	COSU328		4:g.64809091T>A	Confirmed somatic variant
90658945	RK120_C01	COSS2120975	COSO29824862	COSV64530779	COSN5694351	Unknown	9	103934042	103934042	T	C	COSU322		9:g.103934042T>C	Confirmed somatic variant
90823067	0127_CRUK_PC_0127_T1_DNA	COSS2457598	COSO32054826	COSV60329173	COSN19493271	Unknown	9	114747005	114747007	ATC		COSU538		9:g.114747005_114747007del	Confirmed somatic variant
90704163	ML_131_T_01	COSS2688389	COSO32664862	COSV51794797	COSN27619620	Unknown	2	218209022	218209022	A	G	COSU656		2:g.218209022A>G	Confirmed somatic variant
90746489	82T	COSS2745907	COSO29824888	COSV51279868	COSN30034190	Unknown	1	106419690	106419690	A	T	COSU660		1:g.106419690A>T	Confirmed somatic variant
90840531	T_CCA_JP_4	COSS2688120	COSO27814862	COSV60538242	COSN27289572	Unknown	9	80581607	80581608		CACACACACA	COSU653		9:g.80581598_80581607dup	Confirmed somatic variant
90799855	PD6722a	COSS1502990	COSO28395278	COSV51295154	COSN21332072	Unknown	4	171704306	171704306	C	T	COSU652		4:g.171704306C>T	Confirmed somatic variant
90850113	SS6003115	COSS2193470	COSO31394826	COSV67319109	COSN8787239	Unknown	7	136553570	136553570	A	G	COSU535		7:g.136553570A>G	Confirmed somatic variant
90890885	RK111_C01	COSS2194703	COSO29824862	COSV67705411	COSN6372265	Unknown	9	99455045	99455045	T	A	COSU322		9:g.99455045T>A	Confirmed somatic variant
90903025	AOCS-093-8-4	COSS2186164	COSO30135473	COSV55467023	COSN9168076	Unknown	22	49183506	49183506	G	A	COSU585		22:g.49183506G>A	Confirmed somatic variant
90882953	HX19T	COSS2120913	COSO29824862	COSV50904995	COSN5770567	Unknown	22	27248591	27248591	G	A	COSU323		22:g.27248591G>A	Confirmed somatic variant
91013651	GC13025T	COSS2506661	COSO36004862	COSV51204014	COSN24731821	Unknown	6	170496129	170496129	T	C	COSU371		6:g.170496129T>C	Confirmed somatic variant
91073130	ICGC_GBM28_tumor	COSS2634848	COSO28245255	COSV61183968	COSN24846738	Unknown	6	14360684	14360684	G	A	COSU379		6:g.14360684G>A	Confirmed somatic variant
91016924	8033414	COSS1842448	COSO29005278	COSV50053616	COSN7344085	Unknown	2	142300214	142300214	G	C	COSU328		2:g.142300214G>C	Confirmed somatic variant
91011604	PD22363a	COSS2199785	COSO28395278	COSV68608253	COSN22281884	Unknown	9	7264848	7264848	C	T	COSU652		9:g.7264848C>T	Confirmed somatic variant
90903025	AOCS-093-3-6	COSS2186165	COSO30135473	COSV55467023	COSN9168076	Unknown	22	49183506	49183506	G	A	COSU585		22:g.49183506G>A	Confirmed somatic variant
91041505	8057783	COSS2121205	COSO29005278	COSV56817606	COSN7277145	Unknown	1	65649086	65649086	A	G	COSU328		1:g.65649086A>G	Confirmed somatic variant
91156362	PD26870a	COSS2935735	COSO372521945	COSV106165776	COSN32421370	Unknown	9	97140371	97140371	A	T		30889380	9:g.97140371A>T	Confirmed somatic variant
89611762	DA16016	COSS2635123	COSO29026529	COSV71823892	COSN26903518	Unknown	6	100960390	100960390	G	A	COSU677		6:g.100960390G>A	Confirmed somatic variant
